('NR', '26/12/18', '08:52:41')
('NR', '26/12/18', '08:52:41')
('NR', '26/12/18', '08:52:41')
('NR', '26/12/18', '08:52:41')
('NR', '26/12/18', '08:52:41')
('NR', '26/12/18', '08:52:41')
('NR', '26/12/18', '08:52:42')
('NR', '26/12/18', '08:52:42')
('OA', '26/12/18', '08:52:43')
('OA', '26/12/18', '08:52:43')
('OA', '26/12/18', '08:52:43')
('OA', '26/12/18', '08:52:43')
('OA', '26/12/18', '08:52:44')
('OA', '26/12/18', '08:52:44')
('OA', '26/12/18', '08:52:44')
('OA', '26/12/18', '08:52:44')
('NR', '26/12/18', '08:52:44')
('NR', '26/12/18', '08:52:44')
('NR', '26/12/18', '08:52:44')
('NR', '26/12/18', '08:52:45')
('NR', '26/12/18', '08:52:45')
('NR', '26/12/18', '08:52:45')
('NR', '26/12/18', '08:52:45')
('NR', '26/12/18', '08:52:46')
('NR', '26/12/18', '08:52:46')
('NR', '26/12/18', '08:52:46')
('NR', '26/12/18', '08:52:46')
('NR', '26/12/18', '08:52:46')
('NR', '26/12/18', '08:52:46')
('NR', '26/12/18', '08:52:46')
('NR', '26/12/18', '08:52:46')
('NR', '26/12/18', '08:52:47')
('NR', '26/12/18', '08:52:47')
('NR', '26/12/18', '08:52:47')
('NR', '26/12/18', '08:52:47')
('NR', '26/12/18', '08:52:47')
('NR', '26/12/18', '08:52:47')
('NR', '26/12/18', '08:52:47')
('NR', '26/12/18', '08:52:47')
('NR', '26/12/18', '08:52:47')
('NR', '26/12/18', '08:52:48')
('NR', '26/12/18', '08:52:48')
('NR', '26/12/18', '08:52:48')
('NR', '26/12/18', '08:52:48')
('NR', '26/12/18', '08:52:48')
('NR', '26/12/18', '08:52:48')
('NR', '26/12/18', '08:52:48')
('NR', '26/12/18', '08:52:48')
('NR', '26/12/18', '08:52:49')
('NR', '26/12/18', '08:52:49')
('NR', '26/12/18', '08:52:49')
('NR', '26/12/18', '08:52:49')
('NR', '26/12/18', '08:52:49')
('NR', '26/12/18', '08:52:49')
('NR', '26/12/18', '08:52:49')
('NR', '26/12/18', '08:52:49')
('NR', '26/12/18', '08:52:49')
('NR', '26/12/18', '08:52:50')
('NR', '26/12/18', '08:52:50')
('NR', '26/12/18', '08:52:50')
('NR', '26/12/18', '08:52:50')
('OA', '26/12/18', '08:52:50')
('OA', '26/12/18', '08:52:50')
('OA', '26/12/18', '08:52:51')
('OA', '26/12/18', '08:52:51')
('OA', '26/12/18', '08:52:51')
('OA', '26/12/18', '08:52:51')
('OA', '26/12/18', '08:52:51')
('OA', '26/12/18', '08:52:51')
('OA', '26/12/18', '08:52:52')
('OA', '26/12/18', '08:52:52')
('OA', '26/12/18', '08:52:52')
('OA', '26/12/18', '08:52:52')
('OA', '26/12/18', '08:52:53')
('OA', '26/12/18', '08:52:53')
('OA', '26/12/18', '08:52:53')
('OA', '26/12/18', '08:52:53')
('OA', '26/12/18', '08:52:53')
('OA', '26/12/18', '08:52:53')
('OA', '26/12/18', '08:52:53')
('OA', '26/12/18', '08:52:53')
('OA', '26/12/18', '08:52:53')
('OA', '26/12/18', '08:52:53')
('OA', '26/12/18', '08:52:54')
('OA', '26/12/18', '08:52:54')
('OA', '26/12/18', '08:52:54')
('OA', '26/12/18', '08:52:54')
('OA', '26/12/18', '08:52:54')
('OA', '26/12/18', '08:52:54')
('OA', '26/12/18', '08:52:54')
('OA', '26/12/18', '08:52:54')
('OA', '26/12/18', '08:52:55')
('OA', '26/12/18', '08:52:55')
('OA', '26/12/18', '08:52:55')
('OA', '26/12/18', '08:52:55')
('OA', '26/12/18', '08:52:55')
('OA', '26/12/18', '08:52:55')
('OA', '26/12/18', '08:52:56')
('OA', '26/12/18', '08:52:56')
('OA', '26/12/18', '08:52:56')
('OA', '26/12/18', '08:52:56')
('OA', '26/12/18', '08:52:56')
('OA', '26/12/18', '08:52:56')
('OA', '26/12/18', '08:52:56')
('OA', '26/12/18', '08:52:56')
('OA', '26/12/18', '08:52:57')
('OA', '26/12/18', '08:52:57')
('OA', '26/12/18', '08:52:57')
('OA', '26/12/18', '08:52:57')
('OA', '26/12/18', '08:52:58')
('OA', '26/12/18', '08:52:58')
('OA', '26/12/18', '08:52:59')
('OA', '26/12/18', '08:52:59')
('OA', '26/12/18', '08:52:59')
('OA', '26/12/18', '08:52:59')
('OA', '26/12/18', '08:52:59')
('OA', '26/12/18', '08:52:59')
('OA', '26/12/18', '08:52:59')
('OA', '26/12/18', '08:52:59')
('OA', '26/12/18', '08:53:00')
('OA', '26/12/18', '08:53:00')
('OA', '26/12/18', '08:53:00')
('OA', '26/12/18', '08:53:00')
('OA', '26/12/18', '08:53:00')
('OA', '26/12/18', '08:53:00')
('OA', '26/12/18', '08:53:00')
('OA', '26/12/18', '08:53:00')
('OA', '26/12/18', '08:53:01')
('OA', '26/12/18', '08:53:01')
('OA', '26/12/18', '08:53:01')
('OA', '26/12/18', '08:53:01')
('OA', '26/12/18', '08:53:01')
('OA', '26/12/18', '08:53:01')
('OA', '26/12/18', '08:53:02')
('OA', '26/12/18', '08:53:02')
('OA', '26/12/18', '08:53:02')
('OA', '26/12/18', '08:53:02')
('OA', '26/12/18', '08:53:04')
('OA', '26/12/18', '08:53:04')
('OA', '26/12/18', '08:53:04')
('OA', '26/12/18', '08:53:04')
('OA', '26/12/18', '08:53:05')
('OA', '26/12/18', '08:53:05')
('OA', '26/12/18', '08:53:05')
('OA', '26/12/18', '08:53:05')
('OA', '26/12/18', '08:53:05')
('OA', '26/12/18', '08:53:05')
('OA', '26/12/18', '08:53:06')
('OA', '26/12/18', '08:53:06')
('OA', '26/12/18', '08:53:06')
('OA', '26/12/18', '08:53:06')
('OA', '26/12/18', '08:53:07')
('OA', '26/12/18', '08:53:07')
('OA', '26/12/18', '08:53:07')
('OA', '26/12/18', '08:53:07')
('OA', '26/12/18', '08:53:07')
('OA', '26/12/18', '08:53:07')
('OA', '26/12/18', '08:53:08')
('OA', '26/12/18', '08:53:08')
('OA', '26/12/18', '08:53:09')
('OA', '26/12/18', '08:53:09')
('OA', '26/12/18', '08:53:09')
('OA', '26/12/18', '08:53:09')
('OA', '26/12/18', '08:53:09')
('OA', '26/12/18', '08:53:09')
('OA', '26/12/18', '08:53:10')
('OA', '26/12/18', '08:53:10')
('OA', '26/12/18', '08:53:10')
('OA', '26/12/18', '08:53:10')
('OA', '26/12/18', '08:53:11')
('OA', '26/12/18', '08:53:11')
('OA', '26/12/18', '08:53:11')
('OA', '26/12/18', '08:53:11')
('OA', '26/12/18', '08:53:11')
('OA', '26/12/18', '08:53:11')
('OA', '26/12/18', '08:53:12')
('OA', '26/12/18', '08:53:12')
('OA', '26/12/18', '08:53:13')
('OA', '26/12/18', '08:53:13')
('OA', '26/12/18', '08:53:13')
('OA', '26/12/18', '08:53:13')
('OA', '26/12/18', '08:53:13')
('OA', '26/12/18', '08:53:13')
('OA', '26/12/18', '08:53:13')
('OA', '26/12/18', '08:53:13')
('OA', '26/12/18', '08:53:14')
('OA', '26/12/18', '08:53:14')
('OA', '26/12/18', '08:53:14')
('OA', '26/12/18', '08:53:14')
('OA', '26/12/18', '08:53:15')
('OA', '26/12/18', '08:53:15')
('OA', '26/12/18', '08:53:16')
('OA', '26/12/18', '08:53:16')
('OA', '26/12/18', '08:53:16')
('OA', '26/12/18', '08:53:16')
('NR', '26/12/18', '08:53:16')
('NR', '26/12/18', '08:53:16')
('NR', '26/12/18', '08:53:16')
('NR', '26/12/18', '08:53:16')
('NR', '26/12/18', '08:53:16')
('NR', '26/12/18', '08:53:16')
('NR', '26/12/18', '08:53:17')
('NR', '26/12/18', '08:53:17')
('NR', '26/12/18', '08:53:17')
('NR', '26/12/18', '08:53:17')
('NR', '26/12/18', '08:53:17')
('NR', '26/12/18', '08:53:17')
('NR', '26/12/18', '08:53:17')
('NR', '26/12/18', '08:53:17')
('NR', '26/12/18', '08:53:18')
('NR', '26/12/18', '08:53:18')
('NR', '26/12/18', '08:53:18')
('NR', '26/12/18', '08:53:18')
('NR', '26/12/18', '08:53:18')
('NR', '26/12/18', '08:53:18')
('NR', '26/12/18', '08:53:18')
('NR', '26/12/18', '08:53:18')
('NR', '26/12/18', '08:53:18')
('NR', '26/12/18', '08:53:19')
('NR', '26/12/18', '08:53:19')
('NR', '26/12/18', '08:53:19')
('NR', '26/12/18', '08:53:19')
('NR', '26/12/18', '08:53:19')
('NR', '26/12/18', '08:53:19')
('NR', '26/12/18', '08:53:19')
('NR', '26/12/18', '08:53:19')
('NR', '26/12/18', '08:53:19')
('NR', '26/12/18', '08:53:20')
('NR', '26/12/18', '08:53:20')
('NR', '26/12/18', '08:53:20')
('NR', '26/12/18', '08:53:20')
('NR', '26/12/18', '08:53:20')
('NR', '26/12/18', '08:53:20')
('NR', '26/12/18', '08:53:20')
('NR', '26/12/18', '08:53:20')
('NR', '26/12/18', '08:53:21')
('NR', '26/12/18', '08:53:21')
('NR', '26/12/18', '08:53:21')
('NR', '26/12/18', '08:53:21')
('NR', '26/12/18', '08:53:21')
('NR', '26/12/18', '08:53:21')
('NR', '26/12/18', '08:53:21')
('NR', '26/12/18', '08:53:21')
('NR', '26/12/18', '08:53:21')
('NR', '26/12/18', '08:53:22')
('NR', '26/12/18', '08:53:22')
('NR', '26/12/18', '08:53:22')
('NR', '26/12/18', '08:53:22')
('NR', '26/12/18', '08:53:22')
('NR', '26/12/18', '08:53:22')
('NR', '26/12/18', '08:53:22')
('OA', '26/12/18', '08:53:22')
('OA', '26/12/18', '08:53:22')
('OA', '26/12/18', '08:53:23')
('OA', '26/12/18', '08:53:23')
('NR', '26/12/18', '08:53:23')
('NR', '26/12/18', '08:53:24')
('NR', '26/12/18', '08:53:24')
('NR', '26/12/18', '08:53:24')
('NR', '26/12/18', '08:53:24')
('NR', '26/12/18', '08:53:24')
('NR', '26/12/18', '08:53:24')
('NR', '26/12/18', '08:53:24')
('NR', '26/12/18', '08:53:24')
('NR', '26/12/18', '08:53:24')
('NR', '26/12/18', '08:53:25')
('NR', '26/12/18', '08:53:25')
('NR', '26/12/18', '08:53:25')
('NR', '26/12/18', '08:53:25')
('NR', '26/12/18', '08:53:25')
('NR', '26/12/18', '08:53:25')
('NR', '26/12/18', '08:53:25')
('NR', '26/12/18', '08:53:25')
('NR', '26/12/18', '08:53:25')
('NR', '26/12/18', '08:53:26')
('NR', '26/12/18', '08:53:26')
('NR', '26/12/18', '08:53:26')
('NR', '26/12/18', '08:53:26')
('NR', '26/12/18', '08:53:26')
('NR', '26/12/18', '08:53:26')
('NR', '26/12/18', '08:53:26')
('NR', '26/12/18', '08:53:26')
('NR', '26/12/18', '08:53:27')
('NR', '26/12/18', '08:53:27')
('NR', '26/12/18', '08:53:27')
('NR', '26/12/18', '08:53:27')
('NR', '26/12/18', '08:53:27')
('NR', '26/12/18', '08:53:27')
('NR', '26/12/18', '08:53:27')
('NR', '26/12/18', '08:53:27')
('NR', '26/12/18', '08:53:27')
('NR', '26/12/18', '08:53:28')
('NR', '26/12/18', '08:53:28')
('NR', '26/12/18', '08:53:28')
('NR', '26/12/18', '08:53:28')
('NR', '26/12/18', '08:53:28')
('NR', '26/12/18', '08:53:28')
('NR', '26/12/18', '08:53:28')
('NR', '26/12/18', '08:53:28')
('NR', '26/12/18', '08:53:28')
('NR', '26/12/18', '08:53:29')
('NR', '26/12/18', '08:53:29')
('NR', '26/12/18', '08:53:29')
('NR', '26/12/18', '08:53:29')
('NR', '26/12/18', '08:53:29')
('NR', '26/12/18', '08:53:29')
('NR', '26/12/18', '08:53:29')
('NR', '26/12/18', '08:53:29')
('NR', '26/12/18', '08:53:30')
('NR', '26/12/18', '08:53:30')
('NR', '26/12/18', '08:53:30')
('NR', '26/12/18', '08:53:30')
('NR', '26/12/18', '08:53:30')
('NR', '26/12/18', '08:53:30')
('NR', '26/12/18', '08:53:30')
('NR', '26/12/18', '08:53:30')
('NR', '26/12/18', '08:53:30')
('NR', '26/12/18', '08:53:31')
('NR', '26/12/18', '08:53:31')
('NR', '26/12/18', '08:53:31')
('NR', '26/12/18', '08:53:31')
('NR', '26/12/18', '08:53:31')
('NR', '26/12/18', '08:53:31')
('NR', '26/12/18', '08:53:31')
('NR', '26/12/18', '08:53:31')
('NR', '26/12/18', '08:53:31')
('NR', '26/12/18', '08:53:32')
('NR', '26/12/18', '08:53:32')
('NR', '26/12/18', '08:53:32')
('NR', '26/12/18', '08:53:32')
('NR', '26/12/18', '08:53:32')
('NR', '26/12/18', '08:53:32')
('NR', '26/12/18', '08:53:32')
('OA', '26/12/18', '08:53:32')
('OA', '26/12/18', '08:53:32')
('OA', '26/12/18', '08:53:34')
('OA', '26/12/18', '08:53:34')
('OA', '26/12/18', '08:53:34')
('OA', '26/12/18', '08:53:34')
('OA', '26/12/18', '08:53:34')
('OA', '26/12/18', '08:53:34')
('OA', '26/12/18', '08:53:35')
('OA', '26/12/18', '08:53:35')
('OA', '26/12/18', '08:53:36')
('OA', '26/12/18', '08:53:36')
('OA', '26/12/18', '08:53:36')
('OA', '26/12/18', '08:53:36')
('OA', '26/12/18', '08:53:36')
('OA', '26/12/18', '08:53:36')
('OA', '26/12/18', '08:53:37')
('OA', '26/12/18', '08:53:37')
('OA', '26/12/18', '08:53:37')
('OA', '26/12/18', '08:53:37')
('OA', '26/12/18', '08:53:38')
('OA', '26/12/18', '08:53:38')
('OA', '26/12/18', '08:53:38')
('OA', '26/12/18', '08:53:38')
('OA', '26/12/18', '08:53:38')
('OA', '26/12/18', '08:53:38')
('OA', '26/12/18', '08:53:38')
('OA', '26/12/18', '08:53:38')
('OA', '26/12/18', '08:53:39')
('OA', '26/12/18', '08:53:39')
('OA', '26/12/18', '08:53:39')
('OA', '26/12/18', '08:53:39')
('NR', '26/12/18', '08:53:40')
('NR', '26/12/18', '08:53:40')
('NR', '26/12/18', '08:53:40')
('NR', '26/12/18', '08:53:40')
('NR', '26/12/18', '08:53:40')
('NR', '26/12/18', '08:53:40')
('NR', '26/12/18', '08:53:40')
('NR', '26/12/18', '08:53:40')
('NR', '26/12/18', '08:53:40')
('NR', '26/12/18', '08:53:41')
('NR', '26/12/18', '08:53:41')
('NR', '26/12/18', '08:53:41')
('NR', '26/12/18', '08:53:41')
('NR', '26/12/18', '08:53:41')
('NR', '26/12/18', '08:53:41')
('NR', '26/12/18', '08:53:41')
('NR', '26/12/18', '08:53:41')
('NR', '26/12/18', '08:53:42')
('NR', '26/12/18', '08:53:42')
('NR', '26/12/18', '08:53:42')
('NR', '26/12/18', '08:53:42')
('NR', '26/12/18', '08:53:42')
('NR', '26/12/18', '08:53:42')
('NR', '26/12/18', '08:53:42')
('NR', '26/12/18', '08:53:42')
('NR', '26/12/18', '08:53:42')
('NR', '26/12/18', '08:53:43')
('NR', '26/12/18', '08:53:43')
('NR', '26/12/18', '08:53:43')
('NR', '26/12/18', '08:53:43')
('NR', '26/12/18', '08:53:43')
('NR', '26/12/18', '08:53:43')
('NR', '26/12/18', '08:53:43')
('NR', '26/12/18', '08:53:43')
('NR', '26/12/18', '08:53:44')
('NR', '26/12/18', '08:53:44')
('NR', '26/12/18', '08:53:44')
('NR', '26/12/18', '08:53:44')
('NR', '26/12/18', '08:53:44')
('NR', '26/12/18', '08:53:44')
('NR', '26/12/18', '08:53:44')
('NR', '26/12/18', '08:53:44')
('NR', '26/12/18', '08:53:44')
('NR', '26/12/18', '08:53:45')
('NR', '26/12/18', '08:53:45')
('NR', '26/12/18', '08:53:45')
('NR', '26/12/18', '08:53:45')
('NR', '26/12/18', '08:53:45')
('NR', '26/12/18', '08:53:45')
('NR', '26/12/18', '08:53:45')
('NR', '26/12/18', '08:53:45')
('NR', '26/12/18', '08:53:45')
('NR', '26/12/18', '08:53:46')
('NR', '26/12/18', '08:53:46')
('NR', '26/12/18', '08:53:46')
('NR', '26/12/18', '08:53:46')
('NR', '26/12/18', '08:53:46')
('NR', '26/12/18', '08:53:46')
('NR', '26/12/18', '08:53:46')
('NR', '26/12/18', '08:53:46')
('NR', '26/12/18', '08:53:47')
('NR', '26/12/18', '08:53:47')
('NR', '26/12/18', '08:53:47')
('NR', '26/12/18', '08:53:47')
('NR', '26/12/18', '08:53:47')
('NR', '26/12/18', '08:53:47')
('NR', '26/12/18', '08:53:47')
('NR', '26/12/18', '08:53:47')
('NR', '26/12/18', '08:53:47')
('NR', '26/12/18', '08:53:48')
('NR', '26/12/18', '08:53:48')
('NR', '26/12/18', '08:53:48')
('NR', '26/12/18', '08:53:48')
('NR', '26/12/18', '08:53:48')
('NR', '26/12/18', '08:53:48')
('NR', '26/12/18', '08:53:48')
('NR', '26/12/18', '08:53:48')
('NR', '26/12/18', '08:53:48')
('OA', '26/12/18', '08:53:49')
('OA', '26/12/18', '08:53:49')
('OA', '26/12/18', '08:53:49')
('OA', '26/12/18', '08:53:49')
('OA', '26/12/18', '08:53:49')
('OA', '26/12/18', '08:53:49')
('OA', '26/12/18', '08:53:49')
('OA', '26/12/18', '08:53:49')
('OA', '26/12/18', '08:53:49')
('OA', '26/12/18', '08:53:49')
('OA', '26/12/18', '08:53:50')
('OA', '26/12/18', '08:53:50')
('OA', '26/12/18', '08:53:50')
('OA', '26/12/18', '08:53:50')
('OA', '26/12/18', '08:53:51')
('OA', '26/12/18', '08:53:51')
('OA', '26/12/18', '08:53:51')
('OA', '26/12/18', '08:53:51')
('OA', '26/12/18', '08:53:52')
('OA', '26/12/18', '08:53:52')
('OA', '26/12/18', '08:53:52')
('OA', '26/12/18', '08:53:52')
('OA', '26/12/18', '08:53:53')
('OA', '26/12/18', '08:53:53')
('OA', '26/12/18', '08:53:53')
('OA', '26/12/18', '08:53:53')
('OA', '26/12/18', '08:53:53')
('OA', '26/12/18', '08:53:53')
('OA', '26/12/18', '08:53:54')
('OA', '26/12/18', '08:53:54')
('OA', '26/12/18', '08:53:54')
('OA', '26/12/18', '08:53:54')
('OA', '26/12/18', '08:53:54')
('OA', '26/12/18', '08:53:54')
('OA', '26/12/18', '08:53:56')
('OA', '26/12/18', '08:53:56')
('OA', '26/12/18', '08:53:57')
('OA', '26/12/18', '08:53:57')
('OA', '26/12/18', '08:53:57')
('OA', '26/12/18', '08:53:57')
('OA', '26/12/18', '08:53:57')
('OA', '26/12/18', '08:53:57')
('OA', '26/12/18', '08:53:58')
('OA', '26/12/18', '08:53:58')
('OA', '26/12/18', '08:53:58')
('OA', '26/12/18', '08:53:58')
('OA', '26/12/18', '08:53:58')
('OA', '26/12/18', '08:53:58')
('OA', '26/12/18', '08:53:59')
('OA', '26/12/18', '08:53:59')
('OA', '26/12/18', '08:53:59')
('OA', '26/12/18', '08:53:59')
('OA', '26/12/18', '08:53:59')
('OA', '26/12/18', '08:53:59')
('OA', '26/12/18', '08:54:00')
('OA', '26/12/18', '08:54:00')
('OA', '26/12/18', '08:54:00')
('OA', '26/12/18', '08:54:00')
('OA', '26/12/18', '08:54:00')
('OA', '26/12/18', '08:54:00')
('OA', '26/12/18', '08:54:01')
('OA', '26/12/18', '08:54:01')
('OA', '26/12/18', '08:54:01')
('OA', '26/12/18', '08:54:01')
('OA', '26/12/18', '08:54:02')
('OA', '26/12/18', '08:54:02')
('OA', '26/12/18', '08:54:02')
('OA', '26/12/18', '08:54:02')
('OA', '26/12/18', '08:54:02')
('OA', '26/12/18', '08:54:02')
('OA', '26/12/18', '08:54:02')
('OA', '26/12/18', '08:54:02')
('OA', '26/12/18', '08:54:03')
('OA', '26/12/18', '08:54:03')
('NR', '26/12/18', '08:54:04')
('NR', '26/12/18', '08:54:04')
('NR', '26/12/18', '08:54:04')
('NR', '26/12/18', '08:54:04')
('NR', '26/12/18', '08:54:04')
('NR', '26/12/18', '08:54:04')
('NR', '26/12/18', '08:54:05')
('OA', '26/12/18', '08:54:05')
('OA', '26/12/18', '08:54:05')
('NR', '26/12/18', '08:54:05')
('NR', '26/12/18', '08:54:05')
('OA', '26/12/18', '08:54:05')
('OA', '26/12/18', '08:54:05')
('OA', '26/12/18', '08:54:05')
('OA', '26/12/18', '08:54:05')
('NR', '27/12/18', '11:39:58')
('NR', '27/12/18', '11:39:58')
('NR', '27/12/18', '11:39:58')
('NR', '27/12/18', '11:39:59')
('NR', '27/12/18', '11:39:59')
('NR', '27/12/18', '11:40:00')
('NR', '27/12/18', '11:40:00')
('NR', '27/12/18', '11:40:00')
('NR', '27/12/18', '11:40:00')
('NR', '27/12/18', '11:40:00')
('NR', '27/12/18', '11:40:00')
('NR', '27/12/18', '11:40:00')
('NR', '27/12/18', '11:40:01')
('NR', '27/12/18', '11:40:01')
('NR', '27/12/18', '11:40:01')
('NR', '27/12/18', '11:40:01')
('NR', '27/12/18', '11:40:01')
('NR', '27/12/18', '11:40:01')
('NR', '27/12/18', '11:40:01')
('NR', '27/12/18', '11:40:01')
('NR', '27/12/18', '11:40:01')
('NR', '27/12/18', '11:40:02')
('NR', '27/12/18', '11:40:02')
('NR', '27/12/18', '11:40:02')
('NR', '27/12/18', '11:40:02')
('NR', '27/12/18', '11:40:02')
('NR', '27/12/18', '11:40:02')
('NR', '27/12/18', '11:40:02')
('NR', '27/12/18', '11:40:02')
('NR', '27/12/18', '11:40:03')
('NR', '27/12/18', '11:40:03')
('NR', '27/12/18', '11:40:03')
('NR', '27/12/18', '11:40:03')
('NR', '27/12/18', '11:40:03')
('NR', '27/12/18', '11:40:03')
('NR', '27/12/18', '11:40:03')
('NR', '27/12/18', '11:40:03')
('NR', '27/12/18', '11:40:03')
('NR', '27/12/18', '11:40:04')
('NR', '27/12/18', '11:40:04')
('NR', '27/12/18', '11:40:04')
('NR', '27/12/18', '11:40:04')
('NR', '27/12/18', '11:40:04')
('NR', '27/12/18', '11:40:04')
('NR', '27/12/18', '11:40:04')
('NR', '27/12/18', '11:40:04')
('NR', '27/12/18', '11:40:04')
('NR', '27/12/18', '11:40:05')
('NR', '27/12/18', '11:40:05')
('NR', '27/12/18', '11:40:05')
('NR', '27/12/18', '11:40:05')
('NR', '27/12/18', '11:40:05')
('NR', '27/12/18', '11:40:05')
('NR', '27/12/18', '11:40:05')
('NR', '27/12/18', '11:40:05')
('NR', '27/12/18', '11:40:06')
('NR', '27/12/18', '11:40:06')
('NR', '27/12/18', '11:40:06')
('NR', '27/12/18', '11:40:06')
('NR', '27/12/18', '11:40:06')
('NR', '27/12/18', '11:40:06')
('NR', '27/12/18', '11:40:06')
('NR', '27/12/18', '11:40:06')
('NR', '27/12/18', '11:40:06')
('NR', '27/12/18', '11:40:07')
('NR', '27/12/18', '11:40:07')
('NR', '27/12/18', '11:40:07')
('NR', '27/12/18', '11:40:07')
('NR', '27/12/18', '11:40:07')
('NR', '27/12/18', '11:40:07')
('NR', '27/12/18', '11:40:07')
('NR', '27/12/18', '11:40:07')
('NR', '27/12/18', '11:40:07')
('NR', '27/12/18', '11:40:08')
('NR', '27/12/18', '11:40:08')
('NR', '27/12/18', '11:40:08')
('NR', '27/12/18', '11:40:08')
('NR', '27/12/18', '11:40:08')
('NR', '27/12/18', '11:40:08')
('NR', '27/12/18', '11:40:08')
('NR', '27/12/18', '11:40:08')
('NR', '27/12/18', '11:40:09')
('NR', '27/12/18', '11:40:09')
('NR', '27/12/18', '11:40:09')
('NR', '27/12/18', '11:40:09')
('NR', '27/12/18', '11:40:09')
('NR', '27/12/18', '11:40:09')
('NR', '27/12/18', '11:40:09')
('NR', '27/12/18', '11:40:09')
('NR', '27/12/18', '11:40:09')
('NR', '27/12/18', '11:40:10')
('NR', '27/12/18', '11:40:10')
('NR', '27/12/18', '11:40:10')
('NR', '27/12/18', '11:40:10')
('NR', '27/12/18', '11:40:10')
('NR', '27/12/18', '11:40:10')
('NR', '27/12/18', '11:40:10')
('NR', '27/12/18', '11:40:10')
('NR', '27/12/18', '11:40:10')
('NR', '27/12/18', '11:40:11')
('NR', '27/12/18', '11:40:11')
('NR', '27/12/18', '11:40:11')
('NR', '27/12/18', '11:40:11')
('NR', '27/12/18', '11:40:11')
('NR', '27/12/18', '11:40:11')
('NR', '27/12/18', '11:40:11')
('NR', '27/12/18', '11:40:11')
('NR', '27/12/18', '11:40:12')
('NR', '27/12/18', '11:40:12')
('NR', '27/12/18', '11:40:12')
('NR', '27/12/18', '11:40:12')
('NR', '27/12/18', '11:40:12')
('NR', '27/12/18', '11:40:12')
('NR', '27/12/18', '11:40:12')
('NR', '27/12/18', '11:40:12')
('NR', '27/12/18', '11:40:12')
('NR', '27/12/18', '11:40:13')
('NR', '27/12/18', '11:40:13')
('NR', '27/12/18', '11:40:13')
('NR', '27/12/18', '11:40:13')
('NR', '27/12/18', '11:40:13')
('NR', '27/12/18', '11:40:13')
('NR', '27/12/18', '11:40:13')
('NR', '27/12/18', '11:40:14')
('NR', '27/12/18', '11:40:14')
('NR', '27/12/18', '11:40:14')
('NR', '27/12/18', '11:40:14')
('NR', '27/12/18', '11:40:14')
('NR', '27/12/18', '11:40:14')
('NR', '27/12/18', '11:40:14')
('NR', '27/12/18', '11:40:14')
('NR', '27/12/18', '11:40:15')
('NR', '27/12/18', '11:40:15')
('NR', '27/12/18', '11:40:15')
('NR', '27/12/18', '11:40:15')
('NR', '27/12/18', '11:40:15')
('NR', '27/12/18', '11:40:15')
('NR', '27/12/18', '11:40:15')
('NR', '27/12/18', '11:40:16')
('NR', '27/12/18', '11:40:16')
('NR', '27/12/18', '11:40:16')
('NR', '27/12/18', '11:40:16')
('NR', '27/12/18', '11:40:16')
('NR', '27/12/18', '11:40:16')
('NR', '27/12/18', '11:40:16')
('NR', '27/12/18', '11:40:17')
('NR', '27/12/18', '11:40:17')
('NR', '27/12/18', '11:40:17')
('NR', '27/12/18', '11:40:17')
('NR', '27/12/18', '11:40:17')
('NR', '27/12/18', '11:40:17')
('NR', '27/12/18', '11:40:17')
('NR', '27/12/18', '11:40:17')
('NR', '27/12/18', '11:40:17')
('NR', '27/12/18', '11:40:18')
('NR', '27/12/18', '11:40:18')
('NR', '27/12/18', '11:40:18')
('NR', '27/12/18', '11:40:18')
('NR', '27/12/18', '11:40:18')
('NR', '27/12/18', '11:40:18')
('NR', '27/12/18', '11:40:18')
('NR', '27/12/18', '11:40:18')
('NR', '27/12/18', '11:40:19')
('NR', '27/12/18', '11:40:19')
('NR', '27/12/18', '11:40:19')
('NR', '27/12/18', '11:40:19')
('NR', '27/12/18', '11:40:19')
('NR', '27/12/18', '11:40:19')
('NR', '27/12/18', '11:40:19')
('NR', '27/12/18', '11:40:19')
('NR', '27/12/18', '11:40:19')
('NR', '27/12/18', '11:40:20')
('NR', '27/12/18', '11:40:20')
('NR', '27/12/18', '11:40:20')
('NR', '27/12/18', '11:40:20')
('NR', '27/12/18', '11:40:20')
('NR', '27/12/18', '11:40:20')
('NR', '27/12/18', '11:40:20')
('NR', '27/12/18', '11:40:20')
('NR', '27/12/18', '11:40:21')
('NR', '27/12/18', '11:40:21')
('NR', '27/12/18', '11:40:21')
('NR', '27/12/18', '11:40:21')
('NR', '27/12/18', '11:40:21')
('NR', '27/12/18', '11:40:21')
('NR', '27/12/18', '11:40:21')
('NR', '27/12/18', '11:40:21')
('NR', '27/12/18', '11:40:21')
('NR', '27/12/18', '11:40:22')
('NR', '27/12/18', '11:40:22')
('NR', '27/12/18', '11:40:22')
('NR', '27/12/18', '11:40:22')
('NR', '27/12/18', '11:40:22')
('NR', '27/12/18', '11:40:22')
('NR', '27/12/18', '11:40:22')
('NR', '27/12/18', '11:40:22')
('NR', '27/12/18', '11:40:22')
('NR', '27/12/18', '11:40:23')
('NR', '27/12/18', '11:40:23')
('NR', '27/12/18', '11:40:23')
('NR', '27/12/18', '11:40:23')
('NR', '27/12/18', '11:40:23')
('NR', '27/12/18', '11:40:23')
('NR', '27/12/18', '11:40:23')
('NR', '27/12/18', '11:40:23')
('NR', '27/12/18', '11:40:24')
('NR', '27/12/18', '11:40:24')
('NR', '27/12/18', '11:40:24')
('NR', '27/12/18', '11:40:24')
('NR', '27/12/18', '11:40:24')
('NR', '27/12/18', '11:40:24')
('NR', '27/12/18', '11:40:24')
('NR', '27/12/18', '11:40:24')
('NR', '27/12/18', '11:40:24')
('NR', '27/12/18', '11:40:25')
('NR', '27/12/18', '11:40:25')
('NR', '27/12/18', '11:40:25')
('NR', '27/12/18', '11:40:25')
('NR', '27/12/18', '11:40:25')
('NR', '27/12/18', '11:40:25')
('NR', '27/12/18', '11:40:25')
('NR', '27/12/18', '11:40:25')
('NR', '27/12/18', '11:40:25')
('NR', '27/12/18', '11:40:26')
('NR', '27/12/18', '11:40:26')
('NR', '27/12/18', '11:40:26')
('NR', '27/12/18', '11:40:26')
('NR', '27/12/18', '11:40:26')
('NR', '27/12/18', '11:40:26')
('NR', '27/12/18', '11:40:26')
('NR', '27/12/18', '11:40:26')
('NR', '27/12/18', '11:40:27')
('NR', '27/12/18', '11:40:27')
('NR', '27/12/18', '11:40:27')
('NR', '27/12/18', '11:40:28')
('NR', '27/12/18', '11:40:28')
('NR', '27/12/18', '11:40:28')
('NR', '27/12/18', '11:40:28')
('NR', '27/12/18', '11:40:28')
('NR', '27/12/18', '11:40:28')
('NR', '27/12/18', '11:40:28')
('NR', '27/12/18', '11:40:29')
('NR', '27/12/18', '11:40:29')
('NR', '27/12/18', '11:40:29')
('NR', '27/12/18', '11:40:29')
('NR', '27/12/18', '11:40:29')
('NR', '27/12/18', '11:40:30')
('NR', '27/12/18', '11:40:30')
('NR', '27/12/18', '11:40:30')
('NR', '27/12/18', '11:40:30')
('NR', '27/12/18', '11:40:30')
('NR', '27/12/18', '11:40:30')
('NR', '27/12/18', '11:40:30')
('NR', '27/12/18', '11:40:30')
('NR', '27/12/18', '11:40:31')
('NR', '27/12/18', '11:40:31')
('NR', '27/12/18', '11:40:31')
('NR', '27/12/18', '11:40:31')
('NR', '27/12/18', '11:40:31')
('NR', '27/12/18', '11:40:31')
('NR', '27/12/18', '11:40:31')
('NR', '27/12/18', '11:40:32')
('NR', '27/12/18', '11:40:32')
('NR', '27/12/18', '11:40:32')
('NR', '27/12/18', '11:40:32')
('NR', '27/12/18', '11:40:33')
('NR', '27/12/18', '11:40:33')
('NR', '27/12/18', '11:40:33')
('NR', '27/12/18', '11:40:33')
('NR', '27/12/18', '11:40:33')
('NR', '27/12/18', '11:40:33')
('NR', '27/12/18', '11:40:33')
('NR', '27/12/18', '11:40:33')
('NR', '27/12/18', '01:11:35')
('NR', '27/12/18', '01:11:35')
('NR', '27/12/18', '01:11:35')
('NR', '27/12/18', '01:11:35')
('NR', '27/12/18', '01:11:36')
('NR', '27/12/18', '01:11:36')
('NR', '27/12/18', '01:11:36')
('NR', '27/12/18', '01:11:36')
('NR', '27/12/18', '01:11:36')
('NR', '27/12/18', '01:11:36')
('NR', '27/12/18', '01:11:36')
('NR', '27/12/18', '01:11:36')
('NR', '27/12/18', '01:11:36')
('NR', '27/12/18', '01:11:37')
('NR', '27/12/18', '01:11:37')
('OA', '27/12/18', '01:11:37')
('OA', '27/12/18', '01:11:37')
('NR', '27/12/18', '01:11:37')
('NR', '27/12/18', '01:11:37')
('NR', '27/12/18', '01:11:37')
('NR', '27/12/18', '01:11:38')
('NR', '27/12/18', '01:11:38')
('NR', '27/12/18', '01:11:38')
('NR', '27/12/18', '01:11:38')
('NR', '27/12/18', '01:11:38')
('NR', '27/12/18', '01:11:38')
('NR', '27/12/18', '01:11:38')
('NR', '27/12/18', '01:11:38')
('NR', '27/12/18', '01:11:38')
('NR', '27/12/18', '01:11:39')
('NR', '27/12/18', '01:11:39')
('NR', '27/12/18', '01:11:39')
('NR', '27/12/18', '01:11:39')
('NR', '27/12/18', '01:11:39')
('NR', '27/12/18', '01:11:39')
('NR', '27/12/18', '01:11:39')
('NR', '27/12/18', '01:11:39')
('NR', '27/12/18', '01:11:39')
('NR', '27/12/18', '01:11:40')
('NR', '27/12/18', '01:11:40')
('NR', '27/12/18', '01:11:40')
('NR', '27/12/18', '01:11:40')
('NR', '27/12/18', '01:11:40')
('NR', '27/12/18', '01:11:40')
('NR', '27/12/18', '01:11:40')
('NR', '27/12/18', '01:11:40')
('NR', '27/12/18', '01:11:41')
('NR', '27/12/18', '01:11:41')
('NR', '27/12/18', '01:11:41')
('NR', '27/12/18', '01:11:41')
('NR', '27/12/18', '01:11:41')
('NR', '27/12/18', '01:11:41')
('NR', '27/12/18', '01:11:41')
('NR', '27/12/18', '01:11:41')
('NR', '27/12/18', '01:11:41')
('NR', '27/12/18', '01:11:42')
('NR', '27/12/18', '01:11:42')
('NR', '27/12/18', '01:11:42')
('NR', '27/12/18', '01:11:42')
('NR', '27/12/18', '01:11:42')
('NR', '27/12/18', '01:11:42')
('NR', '27/12/18', '01:11:42')
('NR', '27/12/18', '01:11:42')
('NR', '27/12/18', '01:11:42')
('NR', '27/12/18', '01:11:43')
('NR', '27/12/18', '01:11:43')
('NR', '27/12/18', '01:11:43')
('NR', '27/12/18', '01:11:43')
('NR', '27/12/18', '01:11:43')
('NR', '27/12/18', '01:11:43')
('NR', '27/12/18', '01:11:43')
('NR', '27/12/18', '01:11:43')
('NR', '27/12/18', '01:11:44')
('NR', '27/12/18', '01:11:44')
('NR', '27/12/18', '01:11:44')
('NR', '27/12/18', '01:11:44')
('NR', '27/12/18', '01:11:44')
('NR', '27/12/18', '01:11:44')
('NR', '27/12/18', '01:11:44')
('OA', '27/12/18', '01:11:44')
('OA', '27/12/18', '01:11:44')
('NR', '27/12/18', '01:11:44')
('NR', '27/12/18', '01:11:45')
('NR', '27/12/18', '01:11:45')
('NR', '27/12/18', '01:11:45')
('NR', '27/12/18', '01:11:45')
('NR', '27/12/18', '01:11:46')
('NR', '27/12/18', '01:11:46')
('NR', '27/12/18', '01:11:46')
('NR', '27/12/18', '01:11:46')
('NR', '27/12/18', '01:11:46')
('NR', '27/12/18', '01:11:46')
('NR', '27/12/18', '01:11:46')
('NR', '27/12/18', '01:11:46')
('NR', '27/12/18', '01:11:47')
('NR', '27/12/18', '01:11:47')
('NR', '27/12/18', '01:11:47')
('NR', '27/12/18', '01:11:47')
('NR', '27/12/18', '01:11:47')
('NR', '27/12/18', '01:11:47')
('NR', '27/12/18', '01:11:47')
('NR', '27/12/18', '01:11:48')
('NR', '27/12/18', '01:11:48')
('NR', '27/12/18', '01:11:48')
('OA', '27/12/18', '01:11:48')
('OA', '27/12/18', '01:11:48')
('OA', '27/12/18', '01:11:48')
('OA', '27/12/18', '01:11:48')
('OA', '27/12/18', '01:11:49')
('OA', '27/12/18', '01:11:49')
('OA', '27/12/18', '01:11:49')
('OA', '27/12/18', '01:11:49')
('OA', '27/12/18', '01:11:50')
('OA', '27/12/18', '01:11:50')
('OA', '27/12/18', '01:11:51')
('OA', '27/12/18', '01:11:51')
('OA', '27/12/18', '01:11:52')
('OA', '27/12/18', '01:11:52')
('OA', '27/12/18', '01:11:54')
('OA', '27/12/18', '01:11:54')
('OA', '27/12/18', '01:11:55')
('OA', '27/12/18', '01:11:55')
('OA', '27/12/18', '01:11:56')
('OA', '27/12/18', '01:11:56')
('OA', '27/12/18', '01:11:56')
('OA', '27/12/18', '01:11:56')
('OA', '27/12/18', '01:11:56')
('OA', '27/12/18', '01:11:56')
('OA', '27/12/18', '01:11:56')
('OA', '27/12/18', '01:11:56')
('OA', '27/12/18', '01:11:56')
('OA', '27/12/18', '01:11:56')
('OA', '27/12/18', '01:11:57')
('OA', '27/12/18', '01:11:57')
('OA', '27/12/18', '01:11:59')
('OA', '27/12/18', '01:11:59')
('OA', '27/12/18', '01:12:00')
('OA', '27/12/18', '01:12:00')
('OA', '27/12/18', '01:12:00')
('OA', '27/12/18', '01:12:00')
('NR', '27/12/18', '01:12:01')
('OA', '27/12/18', '01:12:01')
('OA', '27/12/18', '01:12:01')
('OA', '27/12/18', '01:12:02')
('OA', '27/12/18', '01:12:02')
('OA', '27/12/18', '01:12:02')
('OA', '27/12/18', '01:12:02')
('OA', '27/12/18', '01:12:03')
('OA', '27/12/18', '01:12:03')
('OA', '27/12/18', '01:12:04')
('OA', '27/12/18', '01:12:04')
('OA', '27/12/18', '01:12:04')
('OA', '27/12/18', '01:12:04')
('OA', '27/12/18', '01:12:06')
('OA', '27/12/18', '01:12:06')
('NR', '27/12/18', '01:12:08')
('NR', '27/12/18', '01:12:08')
('NR', '27/12/18', '01:12:08')
('NR', '27/12/18', '01:12:08')
('NR', '27/12/18', '01:12:09')
('NR', '27/12/18', '01:12:09')
('NR', '27/12/18', '01:12:09')
('NR', '27/12/18', '01:12:09')
('NR', '27/12/18', '01:12:09')
('NR', '27/12/18', '01:12:09')
('NR', '27/12/18', '01:12:09')
('NR', '27/12/18', '01:12:09')
('NR', '27/12/18', '01:12:09')
('NR', '27/12/18', '01:12:10')
('NR', '27/12/18', '01:12:10')
('NR', '27/12/18', '01:12:10')
('NR', '27/12/18', '01:12:10')
('NR', '27/12/18', '01:12:10')
('NR', '27/12/18', '01:12:10')
('NR', '27/12/18', '01:12:10')
('NR', '27/12/18', '01:12:10')
('NR', '27/12/18', '01:12:11')
('NR', '27/12/18', '01:12:11')
('NR', '27/12/18', '01:12:11')
('NR', '27/12/18', '01:12:11')
('NR', '27/12/18', '01:12:11')
('NR', '27/12/18', '01:12:11')
('NR', '27/12/18', '01:12:11')
('OA', '27/12/18', '01:12:11')
('OA', '27/12/18', '01:12:11')
('OA', '27/12/18', '01:12:12')
('OA', '27/12/18', '01:12:12')
('OA', '27/12/18', '01:12:12')
('OA', '27/12/18', '01:12:12')
('OA', '27/12/18', '01:12:16')
('OA', '27/12/18', '01:12:16')
('OA', '27/12/18', '01:12:17')
('OA', '27/12/18', '01:12:17')
('OA', '27/12/18', '01:12:17')
('OA', '27/12/18', '01:12:17')
('OA', '27/12/18', '01:12:18')
('OA', '27/12/18', '01:12:18')
('OA', '27/12/18', '01:12:19')
('OA', '27/12/18', '01:12:19')
('OA', '27/12/18', '01:12:19')
('OA', '27/12/18', '01:12:19')
('NR', '27/12/18', '01:12:19')
('NR', '27/12/18', '01:12:20')
('NR', '27/12/18', '01:12:20')
('NR', '27/12/18', '01:12:20')
('NR', '27/12/18', '01:12:20')
('NR', '27/12/18', '01:12:20')
('NR', '27/12/18', '01:12:20')
('NR', '27/12/18', '01:12:20')
('NR', '27/12/18', '01:12:20')
('NR', '27/12/18', '01:12:20')
('NR', '27/12/18', '01:12:21')
('NR', '27/12/18', '01:12:21')
('NR', '27/12/18', '01:12:21')
('NR', '27/12/18', '01:12:21')
('NR', '27/12/18', '01:12:21')
('NR', '27/12/18', '01:12:21')
('NR', '27/12/18', '01:12:21')
('NR', '27/12/18', '01:12:21')
('NR', '27/12/18', '01:12:22')
('NR', '27/12/18', '01:12:22')
('NR', '27/12/18', '01:12:22')
('NR', '27/12/18', '01:12:22')
('NR', '27/12/18', '01:12:22')
('NR', '27/12/18', '01:12:22')
('NR', '27/12/18', '01:12:22')
('NR', '27/12/18', '01:12:22')
('NR', '27/12/18', '01:12:22')
('NR', '27/12/18', '01:12:23')
('NR', '27/12/18', '01:12:23')
('NR', '27/12/18', '01:12:23')
('NR', '27/12/18', '01:12:23')
('NR', '27/12/18', '01:12:23')
('NR', '27/12/18', '01:12:23')
('NR', '27/12/18', '01:12:23')
('NR', '27/12/18', '01:12:23')
('NR', '27/12/18', '01:12:23')
('NR', '27/12/18', '01:12:24')
('NR', '27/12/18', '01:12:24')
('NR', '27/12/18', '01:12:24')
('NR', '27/12/18', '01:12:24')
('NR', '27/12/18', '01:12:24')
('NR', '27/12/18', '01:12:24')
('NR', '27/12/18', '01:12:24')
('NR', '27/12/18', '01:12:24')
('NR', '27/12/18', '01:12:25')
('NR', '27/12/18', '01:12:25')
('NR', '27/12/18', '01:12:25')
('NR', '27/12/18', '01:12:25')
('NR', '27/12/18', '01:12:25')
('NR', '27/12/18', '01:12:25')
('NR', '27/12/18', '01:12:25')
('NR', '27/12/18', '01:12:25')
('NR', '27/12/18', '01:12:25')
('NR', '27/12/18', '01:12:26')
('NR', '27/12/18', '01:12:26')
('NR', '27/12/18', '01:12:26')
('NR', '27/12/18', '01:12:26')
('NR', '27/12/18', '01:12:26')
('NR', '27/12/18', '01:12:26')
('NR', '27/12/18', '01:12:26')
('NR', '27/12/18', '01:12:26')
('NR', '27/12/18', '01:12:26')
('NR', '27/12/18', '01:12:27')
('OA', '27/12/18', '01:12:27')
('OA', '27/12/18', '01:12:27')
('NR', '27/12/18', '01:12:27')
('OA', '27/12/18', '01:12:27')
('OA', '27/12/18', '01:12:27')
('OA', '27/12/18', '01:12:27')
('OA', '27/12/18', '01:12:27')
('OA', '27/12/18', '01:12:28')
('OA', '27/12/18', '01:12:28')
('OA', '27/12/18', '01:12:28')
('OA', '27/12/18', '01:12:28')
('OA', '27/12/18', '01:12:29')
('OA', '27/12/18', '01:12:29')
('OA', '27/12/18', '01:12:29')
('OA', '27/12/18', '01:12:29')
('OA', '27/12/18', '01:12:30')
('OA', '27/12/18', '01:12:30')
('OA', '27/12/18', '01:12:31')
('OA', '27/12/18', '01:12:31')
('OA', '27/12/18', '01:12:31')
('OA', '27/12/18', '01:12:31')
('OA', '27/12/18', '01:12:32')
('OA', '27/12/18', '01:12:32')
('OA', '27/12/18', '01:12:32')
('OA', '27/12/18', '01:12:32')
('OA', '27/12/18', '01:12:33')
('OA', '27/12/18', '01:12:33')
('OA', '27/12/18', '01:12:33')
('OA', '27/12/18', '01:12:33')
('OA', '27/12/18', '01:12:33')
('OA', '27/12/18', '01:12:33')
('OA', '27/12/18', '01:12:33')
('OA', '27/12/18', '01:12:33')
('OA', '27/12/18', '01:12:34')
('OA', '27/12/18', '01:12:34')
('OA', '27/12/18', '01:12:35')
('OA', '27/12/18', '01:12:35')
('OA', '27/12/18', '01:12:35')
('OA', '27/12/18', '01:12:35')
('OA', '27/12/18', '01:12:35')
('OA', '27/12/18', '01:12:35')
('OA', '27/12/18', '01:12:35')
('OA', '27/12/18', '01:12:35')
('OA', '27/12/18', '01:12:36')
('OA', '27/12/18', '01:12:36')
('OA', '27/12/18', '01:12:36')
('OA', '27/12/18', '01:12:36')
('OA', '27/12/18', '01:12:36')
('OA', '27/12/18', '01:12:36')
('OA', '27/12/18', '01:12:37')
('OA', '27/12/18', '01:12:37')
('OA', '27/12/18', '01:12:37')
('OA', '27/12/18', '01:12:37')
('OA', '27/12/18', '01:12:37')
('OA', '27/12/18', '01:12:37')
('OA', '27/12/18', '01:12:38')
('OA', '27/12/18', '01:12:38')
('OA', '27/12/18', '01:12:38')
('OA', '27/12/18', '01:12:38')
('OA', '27/12/18', '01:12:38')
('OA', '27/12/18', '01:12:38')
('OA', '27/12/18', '01:12:39')
('OA', '27/12/18', '01:12:39')
('OA', '27/12/18', '01:12:39')
('OA', '27/12/18', '01:12:39')
('OA', '27/12/18', '01:12:40')
('OA', '27/12/18', '01:12:40')
('OA', '27/12/18', '01:12:40')
('OA', '27/12/18', '01:12:40')
('OA', '27/12/18', '01:12:40')
('OA', '27/12/18', '01:12:40')
('OA', '27/12/18', '01:12:43')
('OA', '27/12/18', '01:12:43')
('OA', '27/12/18', '01:12:43')
('OA', '27/12/18', '01:12:43')
('OA', '27/12/18', '01:12:44')
('OA', '27/12/18', '01:12:44')
('OA', '27/12/18', '01:12:45')
('OA', '27/12/18', '01:12:45')
('OA', '27/12/18', '01:12:45')
('OA', '27/12/18', '01:12:45')
('OA', '27/12/18', '01:12:45')
('OA', '27/12/18', '01:12:45')
('OA', '27/12/18', '01:12:46')
('OA', '27/12/18', '01:12:46')
('OA', '27/12/18', '01:12:46')
('OA', '27/12/18', '01:12:46')
('OA', '27/12/18', '01:12:48')
('OA', '27/12/18', '01:12:48')
('NR', '27/12/18', '01:12:49')
('NR', '27/12/18', '01:12:49')
('NR', '27/12/18', '01:12:50')
('NR', '27/12/18', '01:12:50')
('NR', '27/12/18', '01:12:50')
('NR', '27/12/18', '01:12:50')
('NR', '27/12/18', '01:12:50')
('NR', '27/12/18', '01:12:50')
('NR', '27/12/18', '01:12:50')
('NR', '27/12/18', '01:12:50')
('NR', '27/12/18', '01:12:51')
('NR', '27/12/18', '01:12:51')
('NR', '27/12/18', '01:12:51')
('NR', '27/12/18', '01:12:51')
('NR', '27/12/18', '01:12:51')
('NR', '27/12/18', '01:12:51')
('NR', '27/12/18', '01:12:51')
('NR', '27/12/18', '01:12:51')
('NR', '27/12/18', '01:12:51')
('NR', '27/12/18', '01:12:52')
('NR', '27/12/18', '01:12:52')
('NR', '27/12/18', '01:12:52')
('NR', '27/12/18', '01:12:52')
('NR', '27/12/18', '01:12:52')
('NR', '27/12/18', '01:12:52')
('NR', '27/12/18', '01:12:52')
('NR', '27/12/18', '01:12:52')
('NR', '27/12/18', '01:12:52')
('NR', '27/12/18', '01:12:53')
('NR', '27/12/18', '01:12:53')
('NR', '27/12/18', '01:12:53')
('NR', '27/12/18', '01:12:53')
('NR', '27/12/18', '01:12:53')
('NR', '27/12/18', '01:12:53')
('NR', '27/12/18', '01:12:53')
('NR', '27/12/18', '01:12:53')
('NR', '27/12/18', '01:12:54')
('OA', '27/12/18', '01:12:54')
('OA', '27/12/18', '01:12:54')
('NR', '27/12/18', '01:12:54')
('OA', '27/12/18', '01:12:54')
('OA', '27/12/18', '01:12:54')
('OA', '27/12/18', '01:12:55')
('OA', '27/12/18', '01:12:55')
('OA', '27/12/18', '01:12:55')
('OA', '27/12/18', '01:12:55')
('OA', '27/12/18', '01:12:55')
('OA', '27/12/18', '01:12:55')
('OA', '27/12/18', '01:12:56')
('OA', '27/12/18', '01:12:56')
('NR', '27/12/18', '04:41:05')
('NR', '27/12/18', '04:41:05')
('NR', '27/12/18', '04:41:06')
('NR', '27/12/18', '04:41:06')
('NR', '27/12/18', '04:41:06')
('NR', '27/12/18', '04:41:06')
('NR', '27/12/18', '04:41:06')
('NR', '27/12/18', '04:41:07')
('NR', '27/12/18', '04:41:07')
('NR', '27/12/18', '04:41:07')
('NR', '27/12/18', '04:41:07')
('NR', '27/12/18', '04:41:08')
('NR', '27/12/18', '04:41:08')
('NR', '27/12/18', '04:41:08')
('NR', '27/12/18', '04:41:08')
('NR', '27/12/18', '04:41:08')
('NR', '27/12/18', '04:41:08')
('NR', '27/12/18', '04:41:08')
('NR', '27/12/18', '04:41:08')
('NR', '27/12/18', '04:41:09')
('NR', '27/12/18', '04:41:09')
('NR', '27/12/18', '04:41:09')
('NR', '27/12/18', '04:41:09')
('NR', '27/12/18', '04:41:09')
('NR', '27/12/18', '04:41:09')
('NR', '27/12/18', '04:41:09')
('NR', '27/12/18', '04:41:09')
('NR', '27/12/18', '04:41:09')
('NR', '27/12/18', '04:41:10')
('NR', '27/12/18', '04:41:10')
('NR', '27/12/18', '04:41:10')
('NR', '27/12/18', '04:41:10')
('NR', '27/12/18', '04:41:10')
('NR', '27/12/18', '04:41:10')
('NR', '27/12/18', '04:41:10')
('NR', '27/12/18', '04:41:10')
('NR', '27/12/18', '04:41:11')
('NR', '27/12/18', '04:41:11')
('NR', '27/12/18', '04:41:11')
('NR', '27/12/18', '04:41:11')
('NR', '27/12/18', '04:41:11')
('NR', '27/12/18', '04:41:11')
('NR', '27/12/18', '04:41:11')
('NR', '27/12/18', '04:41:11')
('NR', '27/12/18', '04:41:11')
('NR', '27/12/18', '04:41:12')
('NR', '27/12/18', '04:41:12')
('NR', '27/12/18', '04:41:12')
('NR', '27/12/18', '04:41:12')
('NR', '27/12/18', '04:41:12')
('NR', '27/12/18', '04:41:12')
('NR', '27/12/18', '04:41:12')
('NR', '27/12/18', '04:41:12')
('NR', '27/12/18', '04:41:12')
('NR', '27/12/18', '04:41:13')
('NR', '27/12/18', '04:41:13')
('NR', '27/12/18', '04:41:13')
('NR', '27/12/18', '04:41:13')
('NR', '27/12/18', '04:41:13')
('NR', '27/12/18', '04:41:13')
('NR', '27/12/18', '04:41:13')
('NR', '27/12/18', '04:41:13')
('NR', '27/12/18', '04:41:14')
('NR', '27/12/18', '04:41:14')
('NR', '27/12/18', '04:41:14')
('NR', '27/12/18', '04:41:14')
('NR', '27/12/18', '04:41:14')
('NR', '27/12/18', '04:41:14')
('NR', '27/12/18', '04:41:14')
('NR', '27/12/18', '04:41:14')
('NR', '27/12/18', '04:41:14')
('NR', '27/12/18', '04:41:15')
('NR', '27/12/18', '04:41:15')
('NR', '27/12/18', '04:41:15')
('NR', '27/12/18', '04:41:15')
('NR', '27/12/18', '04:41:15')
('NR', '27/12/18', '04:41:15')
('NR', '27/12/18', '04:41:15')
('NR', '27/12/18', '04:41:15')
('NR', '27/12/18', '04:41:16')
('NR', '27/12/18', '04:41:16')
('NR', '27/12/18', '04:41:16')
('NR', '27/12/18', '04:41:16')
('NR', '27/12/18', '04:41:17')
('NR', '27/12/18', '04:41:17')
('NR', '27/12/18', '04:41:17')
('NR', '27/12/18', '04:41:17')
('NR', '27/12/18', '04:41:17')
('NR', '27/12/18', '04:41:18')
('NR', '27/12/18', '04:41:18')
('NR', '27/12/18', '04:41:18')
('NR', '27/12/18', '04:41:18')
('NR', '27/12/18', '04:41:18')
('NR', '27/12/18', '04:41:18')
('NR', '27/12/18', '04:41:18')
('OA', '27/12/18', '04:41:19')
('OA', '27/12/18', '04:41:19')
('OA', '27/12/18', '04:41:19')
('OA', '27/12/18', '04:41:19')
('OA', '27/12/18', '04:41:19')
('OA', '27/12/18', '04:41:19')
('OA', '27/12/18', '04:41:19')
('OA', '27/12/18', '04:41:19')
('OA', '27/12/18', '04:41:20')
('OA', '27/12/18', '04:41:20')
('OA', '27/12/18', '04:41:21')
('OA', '27/12/18', '04:41:21')
('OA', '27/12/18', '04:41:21')
('OA', '27/12/18', '04:41:21')
('OA', '27/12/18', '04:41:21')
('OA', '27/12/18', '04:41:21')
('OA', '27/12/18', '04:41:21')
('OA', '27/12/18', '04:41:21')
('OA', '27/12/18', '04:41:22')
('OA', '27/12/18', '04:41:22')
('OA', '27/12/18', '04:41:22')
('OA', '27/12/18', '04:41:22')
('OA', '27/12/18', '04:41:22')
('OA', '27/12/18', '04:41:22')
('OA', '27/12/18', '04:41:23')
('OA', '27/12/18', '04:41:23')
('OA', '27/12/18', '04:41:23')
('OA', '27/12/18', '04:41:23')
('OA', '27/12/18', '04:41:23')
('OA', '27/12/18', '04:41:23')
('OA', '27/12/18', '04:41:23')
('OA', '27/12/18', '04:41:23')
('OA', '27/12/18', '04:41:24')
('OA', '27/12/18', '04:41:24')
('OA', '27/12/18', '04:41:24')
('OA', '27/12/18', '04:41:24')
('OA', '27/12/18', '04:41:24')
('OA', '27/12/18', '04:41:24')
('OA', '27/12/18', '04:41:24')
('OA', '27/12/18', '04:41:24')
('OA', '27/12/18', '04:41:24')
('OA', '27/12/18', '04:41:24')
('OA', '27/12/18', '04:41:24')
('OA', '27/12/18', '04:41:24')
('OA', '27/12/18', '04:41:25')
('OA', '27/12/18', '04:41:25')
('OA', '27/12/18', '04:41:25')
('OA', '27/12/18', '04:41:25')
('OA', '27/12/18', '04:41:25')
('OA', '27/12/18', '04:41:25')
('OA', '27/12/18', '04:41:25')
('OA', '27/12/18', '04:41:25')
('OA', '27/12/18', '04:41:26')
('OA', '27/12/18', '04:41:26')
('OA', '27/12/18', '04:41:27')
('OA', '27/12/18', '04:41:27')
('OA', '27/12/18', '04:41:27')
('OA', '27/12/18', '04:41:27')
('NR', '27/12/18', '04:41:27')
('NR', '27/12/18', '04:41:28')
('NR', '27/12/18', '04:41:28')
('NR', '27/12/18', '04:41:28')
('NR', '27/12/18', '04:41:28')
('NR', '27/12/18', '04:41:28')
('NR', '27/12/18', '04:41:28')
('NR', '27/12/18', '04:41:28')
('OA', '27/12/18', '04:41:28')
('OA', '27/12/18', '04:41:28')
('NR', '27/12/18', '04:41:28')
('NR', '27/12/18', '04:41:29')
('NR', '27/12/18', '04:41:29')
('NR', '27/12/18', '04:41:29')
('NR', '27/12/18', '04:41:29')
('NR', '27/12/18', '04:41:29')
('NR', '27/12/18', '04:41:29')
('NR', '27/12/18', '04:41:29')
('NR', '27/12/18', '04:41:29')
('NR', '27/12/18', '04:41:30')
('NR', '27/12/18', '04:41:30')
('NR', '27/12/18', '04:41:30')
('NR', '27/12/18', '04:41:30')
('NR', '27/12/18', '04:41:30')
('NR', '27/12/18', '04:41:30')
('NR', '27/12/18', '04:41:30')
('NR', '27/12/18', '04:41:30')
('NR', '27/12/18', '04:41:30')
('NR', '27/12/18', '04:41:31')
('NR', '27/12/18', '04:41:31')
('NR', '27/12/18', '04:41:31')
('NR', '27/12/18', '04:41:31')
('NR', '27/12/18', '04:41:31')
('NR', '27/12/18', '04:41:31')
('NR', '27/12/18', '04:41:31')
('NR', '27/12/18', '04:41:31')
('NR', '27/12/18', '04:41:32')
('NR', '27/12/18', '04:41:32')
('NR', '27/12/18', '04:41:32')
('NR', '27/12/18', '04:41:32')
('NR', '27/12/18', '04:41:32')
('NR', '27/12/18', '04:41:32')
('NR', '27/12/18', '04:41:32')
('NR', '27/12/18', '04:41:32')
('NR', '27/12/18', '04:41:32')
('NR', '27/12/18', '04:41:33')
('NR', '27/12/18', '04:41:33')
('NR', '27/12/18', '04:41:33')
('NR', '27/12/18', '04:41:33')
('NR', '27/12/18', '04:41:33')
('NR', '27/12/18', '04:41:33')
('NR', '27/12/18', '04:41:33')
('NR', '27/12/18', '04:41:33')
('NR', '27/12/18', '04:41:33')
('NR', '27/12/18', '04:41:34')
('NR', '27/12/18', '04:41:34')
('NR', '27/12/18', '04:41:34')
('NR', '27/12/18', '04:41:34')
('NR', '27/12/18', '04:41:34')
('NR', '27/12/18', '04:41:34')
('NR', '27/12/18', '04:41:34')
('NR', '27/12/18', '04:41:34')
('NR', '27/12/18', '04:41:35')
('NR', '27/12/18', '04:41:35')
('NR', '27/12/18', '04:41:35')
('NR', '27/12/18', '04:41:35')
('NR', '27/12/18', '04:41:35')
('NR', '27/12/18', '04:41:35')
('NR', '27/12/18', '04:41:35')
('NR', '27/12/18', '04:41:35')
('NR', '27/12/18', '04:41:35')
('NR', '27/12/18', '04:41:36')
('NR', '27/12/18', '04:41:36')
('NR', '27/12/18', '04:41:36')
('NR', '27/12/18', '04:41:36')
('NR', '27/12/18', '04:41:36')
('NR', '27/12/18', '04:41:36')
('NR', '27/12/18', '04:41:36')
('NR', '27/12/18', '04:41:36')
('NR', '27/12/18', '04:41:36')
('NR', '27/12/18', '04:41:37')
('NR', '27/12/18', '04:41:37')
('NR', '27/12/18', '04:41:37')
('NR', '27/12/18', '04:41:37')
('NR', '27/12/18', '04:41:37')
('NR', '27/12/18', '04:41:37')
('NR', '27/12/18', '04:41:37')
('NR', '27/12/18', '04:41:37')
('NR', '27/12/18', '04:41:38')
('NR', '27/12/18', '04:41:38')
('NR', '27/12/18', '04:41:38')
('NR', '27/12/18', '04:41:38')
('NR', '27/12/18', '04:41:38')
('NR', '27/12/18', '04:41:38')
('NR', '27/12/18', '04:41:38')
('NR', '27/12/18', '04:41:38')
('NR', '27/12/18', '04:41:38')
('NR', '27/12/18', '04:41:39')
('NR', '27/12/18', '04:41:39')
('NR', '27/12/18', '04:41:39')
('NR', '27/12/18', '04:41:39')
('NR', '27/12/18', '04:41:39')
('NR', '27/12/18', '04:41:39')
('NR', '27/12/18', '04:41:39')
('NR', '27/12/18', '04:41:39')
('NR', '27/12/18', '04:41:39')
('NR', '27/12/18', '04:41:40')
('NR', '27/12/18', '04:41:40')
('NR', '27/12/18', '04:41:40')
('NR', '27/12/18', '04:41:40')
('NR', '27/12/18', '04:41:40')
('NR', '27/12/18', '04:41:40')
('NR', '27/12/18', '04:41:40')
('NR', '27/12/18', '04:41:40')
('NR', '27/12/18', '04:41:41')
('NR', '27/12/18', '04:41:41')
('NR', '27/12/18', '04:41:41')
('NR', '27/12/18', '04:41:41')
('NR', '27/12/18', '04:41:41')
('NR', '27/12/18', '04:41:41')
('NR', '27/12/18', '04:41:41')
('NR', '27/12/18', '04:41:41')
('NR', '27/12/18', '04:41:41')
('NR', '27/12/18', '04:41:42')
('NR', '27/12/18', '04:41:42')
('NR', '27/12/18', '04:41:42')
('NR', '27/12/18', '04:41:42')
('NR', '27/12/18', '04:41:42')
('NR', '27/12/18', '04:41:42')
('NR', '27/12/18', '04:41:42')
('OA', '27/12/18', '04:41:42')
('OA', '27/12/18', '04:41:42')
('OA', '27/12/18', '04:41:43')
('OA', '27/12/18', '04:41:43')
('OA', '27/12/18', '04:41:43')
('OA', '27/12/18', '04:41:43')
('OA', '27/12/18', '04:41:44')
('OA', '27/12/18', '04:41:44')
('OA', '27/12/18', '04:41:45')
('OA', '27/12/18', '04:41:45')
('OA', '27/12/18', '04:41:45')
('OA', '27/12/18', '04:41:45')
('OA', '27/12/18', '04:41:45')
('OA', '27/12/18', '04:41:45')
('OA', '27/12/18', '04:41:45')
('OA', '27/12/18', '04:41:45')
('OA', '27/12/18', '04:41:46')
('OA', '27/12/18', '04:41:46')
('OA', '27/12/18', '04:41:46')
('OA', '27/12/18', '04:41:46')
('OA', '27/12/18', '04:41:46')
('OA', '27/12/18', '04:41:46')
('OA', '27/12/18', '04:41:46')
('OA', '27/12/18', '04:41:46')
('OA', '27/12/18', '04:41:47')
('OA', '27/12/18', '04:41:47')
('OA', '27/12/18', '04:41:47')
('OA', '27/12/18', '04:41:47')
('OA', '27/12/18', '04:41:47')
('OA', '27/12/18', '04:41:47')
('NR', '27/12/18', '04:41:47')
('NR', '27/12/18', '04:41:47')
('NR', '27/12/18', '04:41:47')
('NR', '27/12/18', '04:41:48')
('NR', '27/12/18', '04:41:48')
('NR', '27/12/18', '04:41:48')
('NR', '27/12/18', '04:41:48')
('NR', '27/12/18', '04:41:48')
('NR', '27/12/18', '04:41:48')
('NR', '27/12/18', '04:41:48')
('NR', '27/12/18', '04:41:48')
('NR', '27/12/18', '04:41:48')
('NR', '27/12/18', '04:41:49')
('NR', '27/12/18', '04:41:49')
('NR', '27/12/18', '04:41:49')
('NR', '27/12/18', '04:41:49')
('NR', '27/12/18', '04:41:49')
('NR', '27/12/18', '04:41:49')
('NR', '27/12/18', '04:41:49')
('NR', '27/12/18', '04:41:49')
('NR', '27/12/18', '04:41:50')
('NR', '27/12/18', '04:41:50')
('NR', '27/12/18', '04:41:50')
('NR', '27/12/18', '04:41:50')
('NR', '27/12/18', '04:41:50')
('NR', '27/12/18', '04:41:50')
('NR', '27/12/18', '04:41:50')
('NR', '27/12/18', '04:41:51')
('NR', '27/12/18', '04:41:51')
('NR', '27/12/18', '04:41:51')
('NR', '27/12/18', '04:41:51')
('NR', '27/12/18', '04:41:51')
('NR', '27/12/18', '04:41:51')
('NR', '27/12/18', '04:41:51')
('NR', '27/12/18', '04:41:51')
('NR', '27/12/18', '04:41:52')
('NR', '27/12/18', '04:41:52')
('NR', '27/12/18', '04:41:52')
('NR', '27/12/18', '04:41:52')
('NR', '27/12/18', '04:41:52')
('NR', '27/12/18', '04:41:52')
('NR', '27/12/18', '04:41:52')
('NR', '27/12/18', '04:41:52')
('NR', '27/12/18', '04:41:52')
('NR', '27/12/18', '04:41:53')
('NR', '27/12/18', '04:41:53')
('NR', '27/12/18', '04:41:53')
('NR', '27/12/18', '04:41:53')
('NR', '27/12/18', '04:41:53')
('NR', '27/12/18', '04:41:53')
('OA', '27/12/18', '04:41:54')
('OA', '27/12/18', '04:41:54')
('OA', '27/12/18', '04:41:54')
('OA', '27/12/18', '04:41:54')
('OA', '27/12/18', '04:41:55')
('OA', '27/12/18', '04:41:55')
('NR', '27/12/18', '04:41:56')
('NR', '27/12/18', '04:41:56')
('NR', '27/12/18', '04:41:56')
('NR', '27/12/18', '04:41:56')
('NR', '27/12/18', '04:41:56')
('NR', '27/12/18', '04:41:56')
('NR', '27/12/18', '04:41:56')
('NR', '27/12/18', '04:41:57')
('NR', '27/12/18', '04:41:57')
('NR', '27/12/18', '04:41:57')
('NR', '27/12/18', '04:41:57')
('NR', '27/12/18', '04:41:57')
('NR', '27/12/18', '04:41:57')
('NR', '27/12/18', '04:41:57')
('NR', '27/12/18', '04:41:57')
('NR', '27/12/18', '04:41:58')
('NR', '27/12/18', '04:41:58')
('NR', '27/12/18', '04:41:58')
('NR', '27/12/18', '04:41:58')
('NR', '27/12/18', '04:41:58')
('OA', '27/12/18', '04:42:00')
('OA', '27/12/18', '04:42:00')
('OA', '27/12/18', '04:42:00')
('OA', '27/12/18', '04:42:00')
('OA', '27/12/18', '04:42:01')
('OA', '27/12/18', '04:42:01')
('OA', '27/12/18', '04:42:01')
('OA', '27/12/18', '04:42:01')
('OA', '27/12/18', '04:42:02')
('OA', '27/12/18', '04:42:02')
('OA', '27/12/18', '04:42:02')
('OA', '27/12/18', '04:42:02')
('OA', '27/12/18', '04:42:03')
('OA', '27/12/18', '04:42:03')
('OA', '27/12/18', '04:42:03')
('OA', '27/12/18', '04:42:03')
('OA', '27/12/18', '04:42:04')
('OA', '27/12/18', '04:42:04')
('OA', '27/12/18', '04:42:04')
('OA', '27/12/18', '04:42:04')
('OA', '27/12/18', '04:42:04')
('OA', '27/12/18', '04:42:04')
('OA', '27/12/18', '04:42:05')
('OA', '27/12/18', '04:42:05')
('OA', '27/12/18', '04:42:05')
('OA', '27/12/18', '04:42:05')
('OA', '27/12/18', '04:42:07')
('OA', '27/12/18', '04:42:07')
('OA', '27/12/18', '04:42:07')
('OA', '27/12/18', '04:42:07')
('OA', '27/12/18', '04:42:07')
('OA', '27/12/18', '04:42:07')
('OA', '27/12/18', '04:42:08')
('OA', '27/12/18', '04:42:08')
('OA', '27/12/18', '04:42:08')
('OA', '27/12/18', '04:42:08')
('OA', '27/12/18', '04:42:08')
('OA', '27/12/18', '04:42:08')
('OA', '27/12/18', '04:42:10')
('OA', '27/12/18', '04:42:10')
('OA', '27/12/18', '04:42:11')
('OA', '27/12/18', '04:42:11')
('OA', '27/12/18', '04:42:11')
('OA', '27/12/18', '04:42:11')
('OA', '27/12/18', '04:42:12')
('OA', '27/12/18', '04:42:12')
('OA', '27/12/18', '04:42:12')
('OA', '27/12/18', '04:42:12')
('OA', '27/12/18', '04:42:12')
('OA', '27/12/18', '04:42:12')
('OA', '27/12/18', '04:42:13')
('OA', '27/12/18', '04:42:13')
('OA', '27/12/18', '04:42:13')
('OA', '27/12/18', '04:42:13')
('OA', '27/12/18', '04:42:13')
('OA', '27/12/18', '04:42:13')
('OA', '27/12/18', '04:42:13')
('OA', '27/12/18', '04:42:13')
('OA', '27/12/18', '04:42:14')
('OA', '27/12/18', '04:42:14')
('OA', '27/12/18', '04:42:14')
('OA', '27/12/18', '04:42:14')
('OA', '27/12/18', '04:42:14')
('OA', '27/12/18', '04:42:14')
('OA', '27/12/18', '04:42:14')
('OA', '27/12/18', '04:42:14')
('OA', '27/12/18', '04:42:15')
('OA', '27/12/18', '04:42:15')
('OA', '27/12/18', '04:42:15')
('OA', '27/12/18', '04:42:15')
('OA', '27/12/18', '04:42:15')
('OA', '27/12/18', '04:42:15')
('OA', '27/12/18', '04:42:16')
('OA', '27/12/18', '04:42:16')
('OA', '27/12/18', '04:42:16')
('OA', '27/12/18', '04:42:16')
('OA', '27/12/18', '04:42:16')
('OA', '27/12/18', '04:42:16')
('OA', '27/12/18', '04:42:16')
('OA', '27/12/18', '04:42:16')
('OA', '27/12/18', '04:42:17')
('OA', '27/12/18', '04:42:17')
('OA', '27/12/18', '04:42:17')
('OA', '27/12/18', '04:42:17')
('OA', '27/12/18', '04:42:17')
('OA', '27/12/18', '04:42:17')
('OA', '27/12/18', '04:42:18')
('OA', '27/12/18', '04:42:18')
('OA', '27/12/18', '04:42:18')
('OA', '27/12/18', '04:42:18')
('OA', '27/12/18', '04:42:18')
('OA', '27/12/18', '04:42:18')
('OA', '27/12/18', '04:42:19')
('OA', '27/12/18', '04:42:19')
('OA', '27/12/18', '04:42:19')
('OA', '27/12/18', '04:42:19')
('OA', '27/12/18', '04:42:19')
('OA', '27/12/18', '04:42:19')
('OA', '27/12/18', '04:42:19')
('OA', '27/12/18', '04:42:19')
('NR', '27/12/18', '04:42:20')
('OA', '27/12/18', '04:42:20')
('OA', '27/12/18', '04:42:20')
('NR', '27/12/18', '04:42:20')
('NR', '27/12/18', '07:28:37')
('NR', '27/12/18', '07:28:37')
('NR', '27/12/18', '07:28:37')
('NR', '27/12/18', '07:28:37')
('NR', '27/12/18', '07:28:37')
('NR', '27/12/18', '07:28:37')
('NR', '27/12/18', '07:28:38')
('NR', '27/12/18', '07:28:38')
('NR', '27/12/18', '07:28:38')
('NR', '27/12/18', '07:28:39')
('NR', '27/12/18', '07:28:39')
('NR', '27/12/18', '07:28:39')
('NR', '27/12/18', '07:28:39')
('NR', '27/12/18', '07:28:39')
('NR', '27/12/18', '07:28:39')
('NR', '27/12/18', '07:28:39')
('NR', '27/12/18', '07:28:39')
('NR', '27/12/18', '07:28:39')
('NR', '27/12/18', '07:28:40')
('NR', '27/12/18', '07:28:40')
('NR', '27/12/18', '07:28:40')
('NR', '27/12/18', '07:28:40')
('NR', '27/12/18', '07:28:40')
('NR', '27/12/18', '07:28:40')
('NR', '27/12/18', '07:28:40')
('NR', '27/12/18', '07:28:40')
('NR', '27/12/18', '07:28:41')
('NR', '27/12/18', '07:28:41')
('NR', '27/12/18', '07:28:41')
('NR', '27/12/18', '07:28:41')
('NR', '27/12/18', '07:28:41')
('NR', '27/12/18', '07:28:41')
('NR', '27/12/18', '07:28:41')
('NR', '27/12/18', '07:28:41')
('NR', '27/12/18', '07:28:41')
('NR', '27/12/18', '07:28:42')
('NR', '27/12/18', '07:28:42')
('NR', '27/12/18', '07:28:42')
('NR', '27/12/18', '07:28:42')
('NR', '27/12/18', '07:28:42')
('NR', '27/12/18', '07:28:42')
('NR', '27/12/18', '07:28:42')
('NR', '27/12/18', '07:28:42')
('NR', '27/12/18', '07:28:42')
('NR', '27/12/18', '07:28:43')
('NR', '27/12/18', '07:28:43')
('NR', '27/12/18', '07:28:43')
('NR', '27/12/18', '07:28:43')
('NR', '27/12/18', '07:28:43')
('NR', '27/12/18', '07:28:43')
('NR', '27/12/18', '07:28:43')
('NR', '27/12/18', '07:28:43')
('NR', '27/12/18', '07:28:44')
('NR', '27/12/18', '07:28:44')
('NR', '27/12/18', '07:28:44')
('NR', '27/12/18', '07:28:44')
('NR', '27/12/18', '07:28:44')
('NR', '27/12/18', '07:28:44')
('NR', '27/12/18', '07:28:44')
('NR', '27/12/18', '07:28:44')
('NR', '27/12/18', '07:28:44')
('NR', '27/12/18', '07:28:45')
('NR', '27/12/18', '07:28:45')
('NR', '27/12/18', '07:28:45')
('NR', '27/12/18', '07:28:45')
('NR', '27/12/18', '07:28:45')
('NR', '27/12/18', '07:28:45')
('NR', '27/12/18', '07:28:45')
('NR', '27/12/18', '07:28:45')
('NR', '27/12/18', '07:28:46')
('NR', '27/12/18', '07:28:46')
('NR', '27/12/18', '07:28:46')
('NR', '27/12/18', '07:28:46')
('NR', '27/12/18', '07:28:46')
('NR', '27/12/18', '07:28:46')
('NR', '27/12/18', '07:28:46')
('NR', '27/12/18', '07:28:46')
('OA', '27/12/18', '07:28:47')
('OA', '27/12/18', '07:28:47')
('OA', '27/12/18', '07:28:48')
('OA', '27/12/18', '07:28:48')
('OA', '27/12/18', '07:28:49')
('OA', '27/12/18', '07:28:49')
('OA', '27/12/18', '07:28:49')
('OA', '27/12/18', '07:28:49')
('OA', '27/12/18', '07:28:50')
('OA', '27/12/18', '07:28:50')
('OA', '27/12/18', '07:28:50')
('OA', '27/12/18', '07:28:50')
('OA', '27/12/18', '07:28:51')
('OA', '27/12/18', '07:28:51')
('OA', '27/12/18', '07:28:51')
('OA', '27/12/18', '07:28:51')
('OA', '27/12/18', '07:28:53')
('OA', '27/12/18', '07:28:53')
('NR', '27/12/18', '07:28:54')
('OA', '27/12/18', '07:28:55')
('OA', '27/12/18', '07:28:55')
('OA', '27/12/18', '07:28:56')
('OA', '27/12/18', '07:28:56')
('OA', '27/12/18', '07:28:56')
('OA', '27/12/18', '07:28:56')
('OA', '27/12/18', '07:28:58')
('OA', '27/12/18', '07:28:58')
('OA', '27/12/18', '07:28:58')
('OA', '27/12/18', '07:28:58')
('OA', '27/12/18', '07:28:58')
('OA', '27/12/18', '07:28:58')
('OA', '27/12/18', '07:28:59')
('OA', '27/12/18', '07:28:59')
('OA', '27/12/18', '07:28:59')
('OA', '27/12/18', '07:28:59')
('OA', '27/12/18', '07:29:00')
('OA', '27/12/18', '07:29:00')
('OA', '27/12/18', '07:29:02')
('OA', '27/12/18', '07:29:02')
('OA', '27/12/18', '07:29:02')
('OA', '27/12/18', '07:29:02')
('OA', '27/12/18', '07:29:03')
('OA', '27/12/18', '07:29:03')
('OA', '27/12/18', '07:29:03')
('OA', '27/12/18', '07:29:03')
('NR', '27/12/18', '07:29:03')
('NR', '27/12/18', '07:29:03')
('NR', '27/12/18', '07:29:03')
('NR', '27/12/18', '07:29:04')
('NR', '27/12/18', '07:29:04')
('NR', '27/12/18', '07:29:04')
('NR', '27/12/18', '07:29:04')
('NR', '27/12/18', '07:29:04')
('NR', '27/12/18', '07:29:04')
('NR', '27/12/18', '07:29:04')
('NR', '27/12/18', '07:29:04')
('NR', '27/12/18', '07:29:04')
('NR', '27/12/18', '07:29:05')
('NR', '27/12/18', '07:29:05')
('NR', '27/12/18', '07:29:05')
('NR', '27/12/18', '07:29:05')
('NR', '27/12/18', '07:29:05')
('NR', '27/12/18', '07:29:05')
('NR', '27/12/18', '07:29:05')
('NR', '27/12/18', '07:29:05')
('NR', '27/12/18', '07:29:06')
('NR', '27/12/18', '07:29:06')
('NR', '27/12/18', '07:29:06')
('NR', '27/12/18', '07:29:06')
('NR', '27/12/18', '07:29:06')
('NR', '27/12/18', '07:29:06')
('NR', '27/12/18', '07:29:06')
('NR', '27/12/18', '07:29:06')
('NR', '27/12/18', '07:29:06')
('NR', '27/12/18', '07:29:07')
('NR', '27/12/18', '07:29:07')
('NR', '27/12/18', '07:29:07')
('NR', '27/12/18', '07:29:07')
('NR', '27/12/18', '07:29:07')
('NR', '27/12/18', '07:29:07')
('NR', '27/12/18', '07:29:07')
('NR', '27/12/18', '07:29:07')
('NR', '27/12/18', '07:29:08')
('NR', '27/12/18', '07:29:08')
('NR', '27/12/18', '07:29:08')
('NR', '27/12/18', '07:29:08')
('NR', '27/12/18', '07:29:08')
('NR', '27/12/18', '07:29:08')
('NR', '27/12/18', '07:29:08')
('NR', '27/12/18', '07:29:08')
('NR', '27/12/18', '07:29:08')
('NR', '27/12/18', '07:29:09')
('NR', '27/12/18', '07:29:09')
('NR', '27/12/18', '07:29:09')
('NR', '27/12/18', '07:29:09')
('NR', '27/12/18', '07:29:09')
('NR', '27/12/18', '07:29:09')
('NR', '27/12/18', '07:29:09')
('NR', '27/12/18', '07:29:09')
('NR', '27/12/18', '07:29:10')
('NR', '27/12/18', '07:29:10')
('NR', '27/12/18', '07:29:10')
('NR', '27/12/18', '07:29:10')
('NR', '27/12/18', '07:29:10')
('NR', '27/12/18', '07:29:10')
('NR', '27/12/18', '07:29:10')
('NR', '27/12/18', '07:29:10')
('NR', '27/12/18', '07:29:10')
('NR', '27/12/18', '07:29:11')
('NR', '27/12/18', '07:29:11')
('NR', '27/12/18', '07:29:11')
('NR', '27/12/18', '07:29:11')
('NR', '27/12/18', '07:29:11')
('NR', '27/12/18', '07:29:11')
('NR', '27/12/18', '07:29:11')
('NR', '27/12/18', '07:29:11')
('NR', '27/12/18', '07:29:11')
('NR', '27/12/18', '07:29:12')
('NR', '27/12/18', '07:29:12')
('NR', '27/12/18', '07:29:12')
('NR', '27/12/18', '07:29:12')
('NR', '27/12/18', '07:29:12')
('OA', '27/12/18', '07:29:14')
('OA', '27/12/18', '07:29:14')
('OA', '27/12/18', '07:29:15')
('OA', '27/12/18', '07:29:15')
('OA', '27/12/18', '07:29:15')
('OA', '27/12/18', '07:29:15')
('OA', '27/12/18', '07:29:15')
('OA', '27/12/18', '07:29:15')
('OA', '27/12/18', '07:29:15')
('OA', '27/12/18', '07:29:15')
('OA', '27/12/18', '07:29:16')
('OA', '27/12/18', '07:29:16')
('OA', '27/12/18', '07:29:16')
('OA', '27/12/18', '07:29:16')
('OA', '27/12/18', '07:29:16')
('OA', '27/12/18', '07:29:16')
('OA', '27/12/18', '07:29:17')
('OA', '27/12/18', '07:29:17')
('OA', '27/12/18', '07:29:17')
('OA', '27/12/18', '07:29:17')
('OA', '27/12/18', '07:29:17')
('OA', '27/12/18', '07:29:17')
('OA', '27/12/18', '07:29:18')
('OA', '27/12/18', '07:29:18')
('OA', '27/12/18', '07:29:18')
('OA', '27/12/18', '07:29:18')
('OA', '27/12/18', '07:29:19')
('OA', '27/12/18', '07:29:19')
('OA', '27/12/18', '07:29:19')
('OA', '27/12/18', '07:29:19')
('OA', '27/12/18', '07:29:20')
('OA', '27/12/18', '07:29:20')
('OA', '27/12/18', '07:29:21')
('OA', '27/12/18', '07:29:21')
('OA', '27/12/18', '07:29:22')
('OA', '27/12/18', '07:29:22')
('OA', '27/12/18', '07:29:23')
('OA', '27/12/18', '07:29:23')
('OA', '27/12/18', '07:29:24')
('OA', '27/12/18', '07:29:24')
('OA', '27/12/18', '07:29:25')
('OA', '27/12/18', '07:29:25')
('OA', '27/12/18', '07:29:27')
('OA', '27/12/18', '07:29:27')
('OA', '27/12/18', '07:29:27')
('OA', '27/12/18', '07:29:27')
('OA', '27/12/18', '07:29:30')
('OA', '27/12/18', '07:29:30')
('NR', '27/12/18', '07:29:30')
('NR', '27/12/18', '07:29:30')
('NR', '27/12/18', '07:29:30')
('NR', '27/12/18', '07:29:30')
('NR', '27/12/18', '07:29:31')
('NR', '27/12/18', '07:29:31')
('NR', '27/12/18', '07:29:31')
('NR', '27/12/18', '07:29:31')
('NR', '27/12/18', '07:29:31')
('NR', '27/12/18', '07:29:31')
('NR', '27/12/18', '07:29:31')
('NR', '27/12/18', '07:29:31')
('NR', '27/12/18', '07:29:32')
('NR', '27/12/18', '07:29:32')
('NR', '27/12/18', '07:29:32')
('NR', '27/12/18', '07:29:32')
('NR', '27/12/18', '07:29:32')
('NR', '27/12/18', '07:29:32')
('NR', '27/12/18', '07:29:32')
('NR', '27/12/18', '07:29:32')
('NR', '27/12/18', '07:29:32')
('NR', '27/12/18', '07:29:33')
('NR', '27/12/18', '07:29:33')
('NR', '27/12/18', '07:29:33')
('NR', '27/12/18', '07:29:33')
('NR', '27/12/18', '07:29:33')
('NR', '27/12/18', '07:29:33')
('NR', '27/12/18', '07:29:33')
('NR', '27/12/18', '07:29:33')
('NR', '27/12/18', '07:29:34')
('OA', '27/12/18', '07:29:34')
('OA', '27/12/18', '07:29:34')
('OA', '27/12/18', '07:29:34')
('OA', '27/12/18', '07:29:34')
('OA', '27/12/18', '07:29:34')
('OA', '27/12/18', '07:29:34')
('OA', '27/12/18', '07:29:34')
('OA', '27/12/18', '07:29:34')
('OA', '27/12/18', '07:29:35')
('OA', '27/12/18', '07:29:35')
('OA', '27/12/18', '07:29:35')
('OA', '27/12/18', '07:29:35')
('OA', '27/12/18', '07:29:35')
('OA', '27/12/18', '07:29:35')
('OA', '27/12/18', '07:29:36')
('OA', '27/12/18', '07:29:36')
('OA', '27/12/18', '07:29:36')
('OA', '27/12/18', '07:29:36')
('OA', '27/12/18', '07:29:36')
('OA', '27/12/18', '07:29:36')
('OA', '27/12/18', '07:29:37')
('OA', '27/12/18', '07:29:37')
('OA', '27/12/18', '07:29:37')
('OA', '27/12/18', '07:29:37')
('OA', '27/12/18', '07:29:38')
('OA', '27/12/18', '07:29:38')
('OA', '27/12/18', '07:29:38')
('OA', '27/12/18', '07:29:38')
('OA', '27/12/18', '07:29:39')
('OA', '27/12/18', '07:29:39')
('OA', '27/12/18', '07:29:40')
('OA', '27/12/18', '07:29:40')
('OA', '27/12/18', '07:29:40')
('OA', '27/12/18', '07:29:40')
('OA', '27/12/18', '07:29:41')
('OA', '27/12/18', '07:29:41')
('NR', '27/12/18', '07:29:42')
('OA', '27/12/18', '07:29:42')
('OA', '27/12/18', '07:29:42')
('OA', '27/12/18', '07:29:42')
('OA', '27/12/18', '07:29:42')
('OA', '27/12/18', '07:29:43')
('OA', '27/12/18', '07:29:43')
('OA', '27/12/18', '07:29:44')
('OA', '27/12/18', '07:29:44')
('OA', '27/12/18', '07:29:45')
('OA', '27/12/18', '07:29:45')
('OA', '27/12/18', '07:29:45')
('OA', '27/12/18', '07:29:45')
('OA', '27/12/18', '07:29:45')
('OA', '27/12/18', '07:29:45')
('OA', '27/12/18', '07:29:46')
('OA', '27/12/18', '07:29:46')
('OA', '27/12/18', '07:29:46')
('OA', '27/12/18', '07:29:46')
('OA', '27/12/18', '07:29:46')
('OA', '27/12/18', '07:29:46')
('OA', '27/12/18', '07:29:47')
('OA', '27/12/18', '07:29:47')
('OA', '27/12/18', '07:29:48')
('OA', '27/12/18', '07:29:48')
('OA', '27/12/18', '07:29:49')
('OA', '27/12/18', '07:29:49')
('OA', '27/12/18', '07:29:49')
('OA', '27/12/18', '07:29:49')
('OA', '27/12/18', '07:29:49')
('OA', '27/12/18', '07:29:49')
('OA', '27/12/18', '07:29:50')
('OA', '27/12/18', '07:29:50')
('OA', '27/12/18', '07:29:50')
('OA', '27/12/18', '07:29:50')
('OA', '27/12/18', '07:29:51')
('OA', '27/12/18', '07:29:51')
('OA', '27/12/18', '07:29:51')
('OA', '27/12/18', '07:29:51')
('NR', '27/12/18', '07:29:52')
('NR', '27/12/18', '07:29:52')
('NR', '27/12/18', '07:29:52')
('NR', '27/12/18', '07:29:52')
('NR', '27/12/18', '07:29:52')
('NR', '27/12/18', '07:29:52')
('NR', '27/12/18', '07:29:52')
('NR', '27/12/18', '07:29:52')
('NR', '27/12/18', '07:29:52')
('NR', '27/12/18', '07:29:53')
('NR', '27/12/18', '07:29:53')
('NR', '27/12/18', '07:29:53')
('NR', '27/12/18', '07:29:53')
('NR', '27/12/18', '07:29:53')
('OA', '27/12/18', '07:29:53')
('OA', '27/12/18', '07:29:53')
('OA', '27/12/18', '07:29:54')
('OA', '27/12/18', '07:29:54')
